"time_ms","F0"
5,0
15,0
25,0
35,0
45,0
55,0
65,0
75,0
85,0
95,0
105,0
115,0
125,0
135,0
145,0
155,0
165,0
175,0
185,0
195,0
205,0
215,0
225,0
235,0
245,0
255,0
265,0
275,0
285,0
295,0
305,0
315,0
325,0
335,0
345,0
355,0
365,0
375,0
385,0
395,0
405,0
415,0
425,0
435,0
445,0
455,0
465,0
475,0
485,0
495,0
505,0
515,0
525,0
535,0
545,0
555,0
565,0
575,0
585,0
595,0
605,0
615,0
625,0
635,0
645,0
655,0
665,0
675,0
685,0
695,0
705,0
715,0
725,0
735,0
745,0
755,0
765,0
775,0
785,0
795,0
805,0
815,0
825,0
835,0
845,0
855,0
865,0
875,0
885,0
895,0
905,0
915,0
925,0
935,0
945,0
955,0
965,0
975,0
985,0
995,0
1005,0
1015,0
1025,0
1035,0
1045,0
1055,269.920501708984
1065,216.096908569336
1075,221.810287475586
1085,228.607192993164
1095,237.856811523438
1105,237.392379760742
1115,244.056350708008
1125,250.417282104492
1135,248.503448486328
1145,259.529113769531
1155,0
1165,0
1175,246.780624389648
1185,250.061340332031
1195,246.693374633789
1205,241.926651000977
1215,234.66081237793
1225,238.164428710938
1235,232.928421020508
1245,241.145324707031
1255,238.120300292969
1265,245.602813720703
1275,0
1285,0
1295,0
1305,0
1315,0
1325,0
1335,0
1345,0
1355,0
1365,0
1375,0
1385,0
1395,0
1405,0
1415,0
1425,0
1435,0
1445,0
1455,0
1465,0
1475,0
1485,0
1495,0
1505,0
1515,242.641662597656
1525,240.921096801758
1535,242.325393676758
1545,242.063446044922
1555,239.857086181641
1565,232.795227050781
1575,233.892471313477
1585,240.267883300781
1595,237.868270874023
1605,243.421524047852
1615,236.650772094727
1625,238.397979736328
1635,0
1645,0
1655,0
1665,0
1675,0
1685,0
1695,0
1705,0
1715,0
1725,0
1735,0
1745,0
1755,237.112655639648
1765,243.829208374023
1775,243.284332275391
1785,243.861129760742
1795,0
1805,0
1815,0
1825,0
1835,0
1845,0
1855,0
1865,0
1875,0
1885,0
1895,0
1905,0
1915,0
1925,0
1935,0
1945,0
1955,0
1965,0
1975,0
1985,0
1995,0
2005,0
2015,0
2025,0
2035,0
2045,0
2055,0
2065,0
2075,0
2085,0
2095,0
2105,0
2115,0
2125,0
2135,0
2145,0
2155,0
2165,0
2175,0
2185,0
2195,0
2205,174.364883422852
2215,150.1181640625
2225,156.351791381836
2235,0
2245,0
2255,0
2265,0
2275,0
2285,0
2295,0
2305,0
2315,0
2325,0
2335,0
2345,0
2355,0
2365,0
2375,0
2385,0
2395,0
2405,0
2415,0
2425,0
2435,0
2445,0
2455,0
2465,0
2475,0
2485,0
2495,0
2505,0
2515,0
2525,0
2535,0
2545,0
2555,0
2565,0
2575,0
2585,0
2595,0
2605,0
2615,0
2625,0
2635,0
2645,0
2655,0
2665,0
2675,0
2685,0
2695,0
2705,0
2715,0
2725,0
2735,0
2745,0
2755,0
2765,0
2775,0
2785,0
