"time_ms","F0"
5,0
15,0
25,0
35,0
45,0
55,0
65,0
75,0
85,0
95,0
105,0
115,0
125,0
135,0
145,0
155,0
165,0
175,0
185,0
195,0
205,0
215,0
225,0
235,0
245,0
255,0
265,0
275,0
285,0
295,0
305,0
315,0
325,0
335,0
345,0
355,0
365,0
375,0
385,0
395,0
405,0
415,0
425,0
435,0
445,0
455,0
465,0
475,0
485,0
495,0
505,0
515,0
525,0
535,0
545,0
555,0
565,0
575,0
585,0
595,0
605,0
615,0
625,0
635,0
645,0
655,0
665,0
675,0
685,0
695,0
705,0
715,0
725,0
735,0
745,0
755,0
765,0
775,0
785,0
795,0
805,0
815,0
825,0
835,0
845,0
855,0
865,0
875,0
885,0
895,0
905,0
915,0
925,0
935,0
945,0
955,0
965,0
975,0
985,0
995,0
1005,0
1015,0
1025,0
1035,0
1045,0
1055,256.643341064453
1065,225.386001586914
1075,228.135299682617
1085,229.208541870117
1095,228.854370117188
1105,228.573699951172
1115,237.13069152832
1125,238.198623657227
1135,231.019912719727
1145,228.867904663086
1155,222.82861328125
1165,219.784408569336
1175,215.977920532227
1185,211.943542480469
1195,209.720611572266
1205,205.864929199219
1215,202.933013916016
1225,204.588363647461
1235,199.214965820312
1245,193.093109130859
1255,201.542556762695
1265,198.081085205078
1275,202.342544555664
1285,201.664779663086
1295,200.986557006836
1305,198.786911010742
1315,196.786834716797
1325,198.345397949219
1335,203.907104492188
1345,200.462371826172
1355,201.261581420898
1365,214.136154174805
1375,204.512786865234
1385,211.491592407227
1395,219.94548034668
1405,222.826110839844
1415,219.675857543945
1425,218.549392700195
1435,224.477691650391
1445,222.652221679688
1455,223.730331420898
1465,217.772613525391
1475,212.043212890625
1485,214.223846435547
1495,208.712661743164
1505,202.088424682617
1515,201.17903137207
1525,193.732040405273
1535,197.21369934082
1545,0
1555,0
1565,0
1575,0
1585,0
1595,0
1605,0
1615,0
1625,0
1635,0
1645,0
1655,0
1665,0
1675,0
1685,0
1695,0
1705,0
1715,0
1725,0
1735,0
1745,0
1755,0
1765,0
1775,0
1785,0
1795,0
1805,0
1815,0
1825,0
1835,0
1845,0
1855,0
1865,0
1875,0
1885,0
1895,0
1905,0
1915,0
1925,0
1935,0
1945,0
1955,0
1965,0
1975,0
1985,0
1995,0
2005,0
2015,0
2025,0
2035,0
2045,0
2055,0
2065,0
2075,0
2085,0
2095,0
2105,0
2115,0
2125,0
2135,0
2145,0
2155,0
2165,0
2175,0
2185,0
2195,0
2205,0
2215,0
2225,0
2235,0
2245,0
2255,0
2265,0
2275,0
2285,0
2295,0
2305,0
2315,0
2325,0
2335,0
2345,0
2355,0
2365,0
2375,0
2385,0
2395,0
2405,0
2415,0
2425,0
2435,0
2445,0
2455,0
2465,0
2475,0
2485,0
2495,0
2505,0
2515,0
2525,0
2535,0
2545,0
2555,0
2565,0
2575,0
2585,0
