"time_ms","F0"
5,0
15,0
25,0
35,0
45,0
55,0
65,0
75,0
85,0
95,0
105,0
115,0
125,0
135,0
145,0
155,0
165,0
175,0
185,0
195,0
205,0
215,0
225,0
235,0
245,0
255,0
265,0
275,0
285,0
295,0
305,0
315,0
325,0
335,0
345,0
355,0
365,0
375,0
385,0
395,0
405,0
415,0
425,0
435,0
445,0
455,0
465,0
475,0
485,0
495,0
505,0
515,0
525,0
535,0
545,0
555,0
565,0
575,0
585,0
595,0
605,0
615,0
625,0
635,0
645,0
655,0
665,0
675,0
685,0
695,0
705,0
715,0
725,0
735,0
745,0
755,0
765,0
775,0
785,0
795,0
805,0
815,0
825,0
835,0
845,0
855,0
865,0
875,0
885,0
895,0
905,0
915,0
925,0
935,0
945,0
955,0
965,0
975,0
985,0
995,0
1005,0
1015,0
1025,0
1035,0
1045,0
1055,0
1065,212.694549560547
1075,214.917114257812
1085,218.801345825195
1095,215.016632080078
1105,219.835784912109
1115,218.05891418457
1125,216.566360473633
1135,219.536239624023
1145,219.140411376953
1155,216.221908569336
1165,215.296920776367
1175,212.13688659668
1185,209.878112792969
1195,208.153091430664
1205,203.232620239258
1215,200.423400878906
1225,201.460693359375
1235,193.760665893555
1245,207.169662475586
1255,202.100463867188
1265,202.630828857422
1275,203.836074829102
1285,197.982360839844
1295,195.335357666016
1305,193.46549987793
1315,195.045822143555
1325,194.247283935547
1335,194.759140014648
1345,203.702728271484
1355,205.594970703125
1365,210.829895019531
1375,212.246551513672
1385,214.315734863281
1395,215.333740234375
1405,219.325180053711
1415,218.553359985352
1425,218.976776123047
1435,222.137847900391
1445,223.380111694336
1455,220.022674560547
1465,215.011764526367
1475,211.369186401367
1485,207.684204101562
1495,205.677886962891
1505,201.928573608398
1515,199.17121887207
1525,196.951690673828
1535,217.869522094727
1545,0
1555,0
1565,0
1575,0
1585,0
1595,0
1605,0
1615,0
1625,0
1635,0
1645,0
1655,0
1665,0
1675,0
1685,0
1695,0
1705,0
1715,0
1725,0
1735,0
1745,0
1755,0
1765,0
1775,0
1785,0
1795,0
1805,0
1815,0
1825,0
1835,0
1845,0
1855,0
1865,0
1875,0
1885,0
1895,0
1905,0
1915,0
1925,0
1935,0
1945,0
1955,0
1965,0
1975,0
1985,0
1995,0
2005,0
2015,0
2025,0
2035,156.689926147461
2045,175.417221069336
2055,207.222442626953
2065,220.695571899414
2075,0
2085,0
2095,0
2105,0
2115,0
2125,0
2135,0
2145,0
2155,0
2165,0
2175,0
2185,0
2195,0
2205,0
2215,0
2225,0
2235,0
2245,0
2255,0
2265,0
2275,0
2285,0
2295,0
2305,0
2315,0
2325,0
2335,0
2345,0
2355,0
2365,0
2375,0
2385,0
2395,0
2405,0
2415,0
2425,0
2435,0
2445,0
2455,0
2465,0
2475,0
2485,0
2495,0
2505,0
2515,0
2525,0
2535,0
2545,0
2555,0
2565,0
